query_caption,correct_segment,top1_segment,top1_score,top2_segment,top2_score,top3_segment,top3_score,top4_segment,top4_score,top5_segment,top5_score
We see two people playing foosball.,v_28GYivx4lyk_seg0,v_28GYivx4lyk_seg1,0.334854394197464,v_28GYivx4lyk_seg0,0.332743763923645,v_28GYivx4lyk_seg2,0.29506272077560425,v_ZNsX4KYJlVQ_seg3,0.2308899313211441,v_a42c_maArv4_seg0,0.2264823615550995
 A man in a black shirt leave the room and turns before leaving.,v_28GYivx4lyk_seg1,v_jIYRVlrXJgc_seg3,0.24389180541038513,v_jIYRVlrXJgc_seg2,0.23094424605369568,v_jIYRVlrXJgc_seg0,0.22929203510284424,v_ZNsX4KYJlVQ_seg0,0.22138962149620056,v_jIYRVlrXJgc_seg1,0.20865583419799805
 A man puts his face in front of the camera.,v_28GYivx4lyk_seg2,v_arTumJHoLB0_seg1,0.2931627035140991,v_arTumJHoLB0_seg2,0.2549358904361725,v_arTumJHoLB0_seg0,0.25155532360076904,v_jIYRVlrXJgc_seg3,0.18274761736392975,v_jIYRVlrXJgc_seg0,0.18264824151992798
Two men stands on front a tall hedge holding trimmers.,v_2ErgL7-MXHw_seg0,v_2ErgL7-MXHw_seg2,0.3312683403491974,v_2ErgL7-MXHw_seg0,0.32986265420913696,v_2ErgL7-MXHw_seg1,0.328233927488327,v_H2-rEH9TXR4_seg1,0.21389657258987427,v_H2-rEH9TXR4_seg0,0.2069835066795349
 The men cuts the top of the hedge.,v_2ErgL7-MXHw_seg1,v_2ErgL7-MXHw_seg2,0.35508522391319275,v_2ErgL7-MXHw_seg0,0.34964174032211304,v_2ErgL7-MXHw_seg1,0.3443588614463806,v_H2-rEH9TXR4_seg2,0.23048141598701477,v_H2-rEH9TXR4_seg1,0.22881442308425903
 Leaves falls from the top of the hedge.,v_2ErgL7-MXHw_seg2,v_2ErgL7-MXHw_seg0,0.2673388123512268,v_2ErgL7-MXHw_seg1,0.2655167579650879,v_2ErgL7-MXHw_seg2,0.2652586102485657,v_Ufki4AjZHFI_seg3,0.2122580111026764,v_cKFARm4dsws_seg3,0.211056187748909
A man in black is sitting and playing at a piano while a man in red is standing near drums.,v_3nvVkcxxaJ4_seg0,v_3nvVkcxxaJ4_seg1,0.298939049243927,v_3nvVkcxxaJ4_seg3,0.2973209023475647,v_3nvVkcxxaJ4_seg2,0.29717308282852173,v_3nvVkcxxaJ4_seg0,0.29465192556381226,v_kTStFRAp99E_seg2,0.19150279462337494
" As the man in black plays, the man in red is rolling up a wire.",v_3nvVkcxxaJ4_seg1,v_4R5KDUqBPcU_seg1,0.28506773710250854,v_4R5KDUqBPcU_seg2,0.2802089750766754,v_4R5KDUqBPcU_seg0,0.2751641869544983,v_9uZoTZsTwv0_seg3,0.25614798069000244,v_jIYRVlrXJgc_seg2,0.24647563695907593
 The man in red begins bobbing his head to the beat of the piano music.,v_3nvVkcxxaJ4_seg2,v_3nvVkcxxaJ4_seg1,0.2737523019313812,v_3nvVkcxxaJ4_seg3,0.2721807360649109,v_3nvVkcxxaJ4_seg2,0.2711484730243683,v_3nvVkcxxaJ4_seg0,0.26750412583351135,v_OJJMEEsOdPQ_seg1,0.2211480736732483
 The man then places the wire down.,v_3nvVkcxxaJ4_seg3,v_2ErgL7-MXHw_seg1,0.2938742935657501,v_2ErgL7-MXHw_seg2,0.293282687664032,v_2ErgL7-MXHw_seg0,0.28742730617523193,v_4R5KDUqBPcU_seg2,0.2809920012950897,v_4R5KDUqBPcU_seg1,0.27816957235336304
There's a man wearing a black athletic suit in a shot put field practicing shot put.,v_4R5KDUqBPcU_seg0,v_GZsplhHXQy0_seg3,0.2706683278083801,v_GZsplhHXQy0_seg1,0.26547807455062866,v_4R5KDUqBPcU_seg0,0.26129215955734253,v_GZsplhHXQy0_seg2,0.25892746448516846,v_4R5KDUqBPcU_seg1,0.25257790088653564
 He begins by taking the ball in his hand and holding it against his neck.,v_4R5KDUqBPcU_seg1,v_MAZlsi4Bon8_seg1,0.27810317277908325,v_arTumJHoLB0_seg2,0.27316179871559143,v_MAZlsi4Bon8_seg2,0.2715722620487213,v_5BVcwR8hEo0_seg1,0.2687249183654785,v_5BVcwR8hEo0_seg2,0.2680785655975342
 Then he spins around and throws the ball far ahead.,v_4R5KDUqBPcU_seg2,v_jIYRVlrXJgc_seg2,0.321745365858078,v_zqXJkZgKmSk_seg0,0.3103286623954773,v_jIYRVlrXJgc_seg3,0.3090949058532715,v_zqXJkZgKmSk_seg1,0.30692440271377563,v_4R5KDUqBPcU_seg0,0.3067134916782379
A cat is sitting in a cat bed.,v_4U13LEMIdi4_seg0,v_4U13LEMIdi4_seg1,0.3463422656059265,v_4U13LEMIdi4_seg2,0.3416377007961273,v_4U13LEMIdi4_seg0,0.3291923999786377,v_kTStFRAp99E_seg0,0.13167764246463776,v_fGDVlbI90pw_seg1,0.12466147541999817
 It is licking its paw.,v_4U13LEMIdi4_seg1,v_4U13LEMIdi4_seg0,0.24181580543518066,v_4U13LEMIdi4_seg1,0.23566800355911255,v_4U13LEMIdi4_seg2,0.2294727861881256,v_arTumJHoLB0_seg0,0.22525671124458313,v_arTumJHoLB0_seg1,0.21709021925926208
 It then wipes its paw on its ear.,v_4U13LEMIdi4_seg2,v_4U13LEMIdi4_seg0,0.2343621850013733,v_4U13LEMIdi4_seg1,0.23305095732212067,v_arTumJHoLB0_seg1,0.2264615297317505,v_4U13LEMIdi4_seg2,0.22359976172447205,v_fGDVlbI90pw_seg0,0.2216297835111618
A boy serves a tennis ball.,v_5BVcwR8hEo0_seg0,v_5BVcwR8hEo0_seg1,0.30140751600265503,v_5BVcwR8hEo0_seg2,0.29441529512405396,v_5BVcwR8hEo0_seg0,0.2813543975353241,v_zqXJkZgKmSk_seg0,0.23895612359046936,v_zqXJkZgKmSk_seg1,0.23623356223106384
 He then serves two more.,v_5BVcwR8hEo0_seg1,v_KVmuW9kwZV4_seg1,0.2781054377555847,v_KVmuW9kwZV4_seg2,0.2754926085472107,v_OJJMEEsOdPQ_seg1,0.2741450369358063,v_yKdvz5dgro4_seg2,0.26633453369140625,v_KVmuW9kwZV4_seg0,0.26396268606185913
 The boy turns and walks away.,v_5BVcwR8hEo0_seg2,v_MAZlsi4Bon8_seg2,0.2863788604736328,v_MAZlsi4Bon8_seg1,0.2829012870788574,v_ZNsX4KYJlVQ_seg0,0.2631770968437195,v_UCndppz9rWc_seg0,0.25632232427597046,v_UCndppz9rWc_seg2,0.2543941140174866
man wearing a red shirt is standing in a large green field behind kids.,v_6KG4p_pfMQc_seg0,v_UCndppz9rWc_seg0,0.2612322270870209,v_UCndppz9rWc_seg1,0.25107842683792114,v_UCndppz9rWc_seg2,0.25049349665641785,v_MAZlsi4Bon8_seg2,0.21957194805145264,v_6KG4p_pfMQc_seg1,0.20650926232337952
 little blonde kid throw a ball and a kid kicks the ball in the field.,v_6KG4p_pfMQc_seg1,v_zqXJkZgKmSk_seg0,0.2436588704586029,v_zqXJkZgKmSk_seg1,0.243027001619339,v_zqXJkZgKmSk_seg3,0.23923327028751373,v_6KG4p_pfMQc_seg2,0.2309945821762085,v_MAZlsi4Bon8_seg2,0.23078952729701996
 kisd are running in the field to catch th ball.,v_6KG4p_pfMQc_seg2,v_zqXJkZgKmSk_seg3,0.32766544818878174,v_zqXJkZgKmSk_seg1,0.3143410384654999,v_6KG4p_pfMQc_seg1,0.3072323799133301,v_zqXJkZgKmSk_seg2,0.3039754629135132,v_6KG4p_pfMQc_seg0,0.2981751561164856
A teenage boy on a horse spinning a rope in the air chases after a little cow.,v_9uZoTZsTwv0_seg0,v_9uZoTZsTwv0_seg1,0.29217952489852905,v_9uZoTZsTwv0_seg0,0.290713906288147,v_9uZoTZsTwv0_seg2,0.2755171060562134,v_9uZoTZsTwv0_seg3,0.2547340989112854,v_zqXJkZgKmSk_seg1,0.20390525460243225
 The cow is running and the boy throws the rope around its neck.,v_9uZoTZsTwv0_seg1,v_9uZoTZsTwv0_seg1,0.3184160590171814,v_9uZoTZsTwv0_seg0,0.31303977966308594,v_9uZoTZsTwv0_seg3,0.2879423499107361,v_MAZlsi4Bon8_seg1,0.28515946865081787,v_9uZoTZsTwv0_seg2,0.28154826164245605
 It causes the cow to fall over after being pulled back by the rope.,v_9uZoTZsTwv0_seg2,v_9uZoTZsTwv0_seg1,0.3077307641506195,v_9uZoTZsTwv0_seg0,0.30068641901016235,v_9uZoTZsTwv0_seg3,0.2886921465396881,v_9uZoTZsTwv0_seg2,0.269983172416687,v_MAZlsi4Bon8_seg0,0.24084264039993286
 The boy goes running off the horse after it and pins the little cow down.,v_9uZoTZsTwv0_seg3,v_9uZoTZsTwv0_seg1,0.33683979511260986,v_9uZoTZsTwv0_seg0,0.32554176449775696,v_9uZoTZsTwv0_seg2,0.32484161853790283,v_9uZoTZsTwv0_seg3,0.318986713886261,v_MAZlsi4Bon8_seg2,0.29815730452537537
A man performs a kettle throw in front of an outdoor stadium filled with spectators in the audience.,v_GZsplhHXQy0_seg0,v_4R5KDUqBPcU_seg0,0.27948087453842163,v_GZsplhHXQy0_seg3,0.2710685729980469,v_4R5KDUqBPcU_seg1,0.2708934545516968,v_GZsplhHXQy0_seg2,0.2700560688972473,v_4R5KDUqBPcU_seg2,0.26644253730773926
  A man on a round dirt area on a field swings a ball around and around while standing in place.,v_GZsplhHXQy0_seg1,v_6KG4p_pfMQc_seg1,0.28282302618026733,v_GZsplhHXQy0_seg2,0.2823154628276825,v_GZsplhHXQy0_seg1,0.2743874192237854,v_GZsplhHXQy0_seg3,0.2719610333442688,v_zqXJkZgKmSk_seg0,0.2719411551952362
"  The man lets the ball go, where it flies in the air ahead of him.",v_GZsplhHXQy0_seg2,v_zqXJkZgKmSk_seg0,0.3193194568157196,v_4R5KDUqBPcU_seg1,0.3188605308532715,v_4R5KDUqBPcU_seg0,0.3182618021965027,v_5BVcwR8hEo0_seg1,0.31760749220848083,v_4R5KDUqBPcU_seg2,0.31577104330062866
  The man stops and bends with his knees as he watches the ball fly in the air.,v_GZsplhHXQy0_seg3,v_4R5KDUqBPcU_seg1,0.30556368827819824,v_4R5KDUqBPcU_seg0,0.303993284702301,v_4R5KDUqBPcU_seg2,0.2995768189430237,v_GZsplhHXQy0_seg3,0.29112109541893005,v_5BVcwR8hEo0_seg1,0.2903536558151245
A woman in blue shorts hands a man a dart.,v_H2-rEH9TXR4_seg0,v_H2-rEH9TXR4_seg0,0.2677849233150482,v_sVk-Br0zfkA_seg0,0.2592587471008301,v_ZNsX4KYJlVQ_seg3,0.24143558740615845,v_sVk-Br0zfkA_seg2,0.23546335101127625,v_H2-rEH9TXR4_seg1,0.2341247797012329
 A man in a white hat throws a dart at a board.,v_H2-rEH9TXR4_seg1,v_sVk-Br0zfkA_seg1,0.242908775806427,v_ZNsX4KYJlVQ_seg3,0.2352679818868637,v_sVk-Br0zfkA_seg0,0.22914066910743713,v_H2-rEH9TXR4_seg1,0.22408507764339447,v_H2-rEH9TXR4_seg0,0.22243547439575195
 The woman walks up to the board.,v_H2-rEH9TXR4_seg2,v_jIYRVlrXJgc_seg2,0.23379075527191162,v_sVk-Br0zfkA_seg2,0.22763338685035706,v_jIYRVlrXJgc_seg3,0.21953147649765015,v_ZNsX4KYJlVQ_seg3,0.21228143572807312,v_4R5KDUqBPcU_seg2,0.21162214875221252
A man at his dish washing job has a very unique way to do his dishes at a very fast speed.,v_KVmuW9kwZV4_seg0,v_KVmuW9kwZV4_seg1,0.41003143787384033,v_KVmuW9kwZV4_seg2,0.40442949533462524,v_KVmuW9kwZV4_seg0,0.39558255672454834,v_KVmuW9kwZV4_seg3,0.3600049614906311,v_yKdvz5dgro4_seg2,0.31586140394210815
 He throws all the plates one by one very fast.,v_KVmuW9kwZV4_seg1,v_KVmuW9kwZV4_seg2,0.37320074439048767,v_KVmuW9kwZV4_seg1,0.37032681703567505,v_KVmuW9kwZV4_seg0,0.3553996682167053,v_KVmuW9kwZV4_seg3,0.3299560248851776,v_uwGcEaW3z3Q_seg1,0.2901756763458252
" They all land into the sink on top of each other after he wipes them down, some of them fall out a bit.",v_KVmuW9kwZV4_seg2,v_yKdvz5dgro4_seg2,0.2818675935268402,v_yKdvz5dgro4_seg0,0.2777041792869568,v_yKdvz5dgro4_seg1,0.2771031856536865,v_KVmuW9kwZV4_seg2,0.27102893590927124,v_KVmuW9kwZV4_seg1,0.26792746782302856
 The he pushes them all down into the water.,v_KVmuW9kwZV4_seg3,v_PPXrVuZAb74_seg2,0.27654752135276794,v_vMYPNyBR3d0_seg0,0.26756715774536133,v_vMYPNyBR3d0_seg2,0.2511666715145111,v_vMYPNyBR3d0_seg1,0.2502249479293823,v_PPXrVuZAb74_seg1,0.23847214877605438
A young boy is at a party holding a stick and hitting a pinata.,v_MAZlsi4Bon8_seg0,v_MAZlsi4Bon8_seg2,0.31790682673454285,v_MAZlsi4Bon8_seg1,0.3112386465072632,v_MAZlsi4Bon8_seg0,0.28556138277053833,v_ZNsX4KYJlVQ_seg0,0.21800708770751953,v_ZNsX4KYJlVQ_seg1,0.2090141475200653
 When the boy is done hitting it an adult walks towards the pinata.,v_MAZlsi4Bon8_seg1,v_MAZlsi4Bon8_seg2,0.34209567308425903,v_MAZlsi4Bon8_seg1,0.3354095220565796,v_MAZlsi4Bon8_seg0,0.30508941411972046,v_UCndppz9rWc_seg2,0.287269651889801,v_UCndppz9rWc_seg1,0.2854987382888794
 Another child standing with the adult also begins walking towards the pinata.,v_MAZlsi4Bon8_seg2,v_MAZlsi4Bon8_seg2,0.3122752010822296,v_MAZlsi4Bon8_seg1,0.300383985042572,v_MAZlsi4Bon8_seg0,0.27997925877571106,v_UCndppz9rWc_seg2,0.26712745428085327,v_UCndppz9rWc_seg1,0.26544925570487976
girl us hanging from a pole in a roofed gym and make a jump to the land pool.,v_OJJMEEsOdPQ_seg0,v_OJJMEEsOdPQ_seg1,0.3198733925819397,v_OJJMEEsOdPQ_seg0,0.31722161173820496,v_OJJMEEsOdPQ_seg2,0.30783504247665405,v_cKFARm4dsws_seg3,0.24283424019813538,v_cKFARm4dsws_seg2,0.23219695687294006
 woman wwearing a red shirt is standing in front of the pole.,v_OJJMEEsOdPQ_seg1,v_H2-rEH9TXR4_seg0,0.23638221621513367,v_OJJMEEsOdPQ_seg1,0.22359788417816162,v_OJJMEEsOdPQ_seg0,0.22222590446472168,v_OJJMEEsOdPQ_seg2,0.2176165133714676,v_sVk-Br0zfkA_seg2,0.2124057412147522
 little girl is walking in front of he girl doing gymnastics.,v_OJJMEEsOdPQ_seg2,v_OJJMEEsOdPQ_seg0,0.2375303953886032,v_OJJMEEsOdPQ_seg2,0.2315431535243988,v_MAZlsi4Bon8_seg0,0.23105105757713318,v_MAZlsi4Bon8_seg2,0.223626047372818,v_a42c_maArv4_seg0,0.22285985946655273
A woman is closing her eyes standing on a diving board.,v_PPXrVuZAb74_seg0,v_PPXrVuZAb74_seg0,0.26406627893447876,v_PPXrVuZAb74_seg1,0.25108298659324646,v_OJJMEEsOdPQ_seg1,0.24043455719947815,v_OJJMEEsOdPQ_seg2,0.23837026953697205,v_OJJMEEsOdPQ_seg0,0.2352890819311142
 She does a flip and dives into the water.,v_PPXrVuZAb74_seg1,v_PPXrVuZAb74_seg2,0.3053293228149414,v_PPXrVuZAb74_seg1,0.2972160577774048,v_W0RYvQUUNe0_seg2,0.2543940544128418,v_OJJMEEsOdPQ_seg0,0.24641546607017517,v_vbWdGj1sfO8_seg3,0.2460290640592575
 She swims to the surface.,v_PPXrVuZAb74_seg2,v_PPXrVuZAb74_seg2,0.3009106516838074,v_PPXrVuZAb74_seg1,0.2652058005332947,v_PPXrVuZAb74_seg0,0.22543591260910034,v_Ufki4AjZHFI_seg3,0.21839511394500732,v_jIYRVlrXJgc_seg1,0.2120388001203537
manis wearing a white shirt and is walking in a green grass carrying a lawnmower.,v_UCndppz9rWc_seg0,v_UCndppz9rWc_seg1,0.32923799753189087,v_UCndppz9rWc_seg2,0.3260864317417145,v_UCndppz9rWc_seg0,0.30220094323158264,v_2ErgL7-MXHw_seg0,0.23428604006767273,v_2ErgL7-MXHw_seg2,0.23262526094913483
  kid is standing in the field watching the man with the lawnmower.,v_UCndppz9rWc_seg1,v_UCndppz9rWc_seg2,0.3365272283554077,v_UCndppz9rWc_seg1,0.3330117464065552,v_UCndppz9rWc_seg0,0.3161301016807556,v_MAZlsi4Bon8_seg2,0.24467718601226807,v_MAZlsi4Bon8_seg1,0.24338260293006897
 man stands and extends the hand to hold the kid.,v_UCndppz9rWc_seg2,v_MAZlsi4Bon8_seg2,0.2776488959789276,v_MAZlsi4Bon8_seg1,0.2671954035758972,v_UCndppz9rWc_seg0,0.25881844758987427,v_UCndppz9rWc_seg2,0.258437842130661,v_UCndppz9rWc_seg1,0.2579638659954071
A young man is shown on a road wearing stilts.,v_Ufki4AjZHFI_seg0,v_Ufki4AjZHFI_seg2,0.3169700801372528,v_Ufki4AjZHFI_seg1,0.2688618302345276,v_Ufki4AjZHFI_seg0,0.2600365877151489,v_Ufki4AjZHFI_seg3,0.2036648988723755,v_cKFARm4dsws_seg0,0.19435447454452515
 He walks over to the side of the road.,v_Ufki4AjZHFI_seg1,v_Ufki4AjZHFI_seg0,0.2802729606628418,v_Ufki4AjZHFI_seg2,0.2735026478767395,v_Ufki4AjZHFI_seg3,0.27281031012535095,v_Ufki4AjZHFI_seg1,0.2705758512020111,v_9uZoTZsTwv0_seg0,0.24107950925827026
 He then lifts his feet up and down as if in preparation of running.,v_Ufki4AjZHFI_seg2,v_uwGcEaW3z3Q_seg0,0.27305731177330017,v_vbWdGj1sfO8_seg1,0.26897305250167847,v_vbWdGj1sfO8_seg3,0.2658485472202301,v_uwGcEaW3z3Q_seg1,0.25889673829078674,v_vbWdGj1sfO8_seg2,0.2566317021846771
 The video ends as the person recording tilts the camera and covers the lens.,v_Ufki4AjZHFI_seg3,v_jIYRVlrXJgc_seg3,0.29733186960220337,v_jIYRVlrXJgc_seg0,0.2927168011665344,v_jIYRVlrXJgc_seg2,0.28019240498542786,v_4R5KDUqBPcU_seg2,0.27643924951553345,v_4R5KDUqBPcU_seg1,0.27561694383621216
The person is parasailing the water.,v_W0RYvQUUNe0_seg0,v_W0RYvQUUNe0_seg2,0.26251277327537537,v_vMYPNyBR3d0_seg2,0.25131821632385254,v_vMYPNyBR3d0_seg0,0.24523529410362244,v_vMYPNyBR3d0_seg1,0.2433200478553772,v_W0RYvQUUNe0_seg0,0.23720115423202515
" As the person sail, he started to bounce on the water.",v_W0RYvQUUNe0_seg1,v_W0RYvQUUNe0_seg1,0.31577324867248535,v_W0RYvQUUNe0_seg0,0.3063086271286011,v_W0RYvQUUNe0_seg2,0.305300235748291,v_vMYPNyBR3d0_seg2,0.27459532022476196,v_vMYPNyBR3d0_seg1,0.2667357325553894
 The person maneuver the sail to turn around.,v_W0RYvQUUNe0_seg2,v_W0RYvQUUNe0_seg1,0.30103322863578796,v_W0RYvQUUNe0_seg2,0.2846682369709015,v_W0RYvQUUNe0_seg0,0.2826664447784424,v_vMYPNyBR3d0_seg2,0.2613043189048767,v_cKFARm4dsws_seg0,0.25399503111839294
A boy is standing at the counter facing backwards from the dart board.,v_ZNsX4KYJlVQ_seg0,v_ZNsX4KYJlVQ_seg0,0.266605943441391,v_ZNsX4KYJlVQ_seg1,0.23901814222335815,v_sVk-Br0zfkA_seg1,0.23066025972366333,v_ZNsX4KYJlVQ_seg3,0.2257760912179947,v_sVk-Br0zfkA_seg0,0.21109387278556824
 His mom is standing beside him and he is getting ready to throw his dart.,v_ZNsX4KYJlVQ_seg1,v_MAZlsi4Bon8_seg2,0.2831643521785736,v_MAZlsi4Bon8_seg1,0.2777916193008423,v_H2-rEH9TXR4_seg0,0.27468979358673096,v_UCndppz9rWc_seg2,0.2686552107334137,v_H2-rEH9TXR4_seg1,0.26575350761413574
 He throws it and completely misses the dart board all together.,v_ZNsX4KYJlVQ_seg2,v_sVk-Br0zfkA_seg1,0.33515045046806335,v_ZNsX4KYJlVQ_seg3,0.2895243763923645,v_sVk-Br0zfkA_seg0,0.2872283458709717,v_jIYRVlrXJgc_seg3,0.27249443531036377,v_ZNsX4KYJlVQ_seg2,0.2659096419811249
 He hits the top of the wall and he goes over to reach for it and take it out.,v_ZNsX4KYJlVQ_seg3,v_jIYRVlrXJgc_seg3,0.27448761463165283,v_4R5KDUqBPcU_seg1,0.264751136302948,v_jIYRVlrXJgc_seg2,0.26406726241111755,v_4R5KDUqBPcU_seg2,0.25988301634788513,v_jIYRVlrXJgc_seg0,0.25985172390937805
The camera shakes on an image of an indoor volleyball court.,v_a42c_maArv4_seg0,v_a42c_maArv4_seg0,0.28268536925315857,v_a42c_maArv4_seg2,0.2768450379371643,v_a42c_maArv4_seg1,0.2660737931728363,v_jIYRVlrXJgc_seg1,0.25743967294692993,v_jIYRVlrXJgc_seg3,0.25453853607177734
 A woman races back from the net to hit the incoming volleyball.,v_a42c_maArv4_seg1,v_a42c_maArv4_seg1,0.29057079553604126,v_a42c_maArv4_seg2,0.28491491079330444,v_a42c_maArv4_seg0,0.2800590991973877,v_6KG4p_pfMQc_seg1,0.2504863739013672,v_6KG4p_pfMQc_seg0,0.2486695647239685
 A fellow team member also hits the ball and sends it across the net.,v_a42c_maArv4_seg2,v_6KG4p_pfMQc_seg1,0.31668269634246826,v_6KG4p_pfMQc_seg0,0.30967724323272705,v_5BVcwR8hEo0_seg1,0.3069347143173218,v_5BVcwR8hEo0_seg0,0.29958146810531616,v_a42c_maArv4_seg1,0.2953416407108307
A young man is seen looking off into the distance with lotion on his face.,v_arTumJHoLB0_seg0,v_arTumJHoLB0_seg1,0.27002647519111633,v_arTumJHoLB0_seg2,0.25385111570358276,v_arTumJHoLB0_seg0,0.24498486518859863,v_ZNsX4KYJlVQ_seg0,0.21062877774238586,v_ZNsX4KYJlVQ_seg1,0.17860181629657745
 He continues rubbing the lotion in while looking away from the camera.,v_arTumJHoLB0_seg1,v_arTumJHoLB0_seg1,0.2931119203567505,v_arTumJHoLB0_seg2,0.28584498167037964,v_arTumJHoLB0_seg0,0.28131210803985596,v_ZNsX4KYJlVQ_seg0,0.24719887971878052,v_dvzwVrZkDiI_seg0,0.24216040968894958
 He finishes putting in the sunscreen and looking away from the camera.,v_arTumJHoLB0_seg2,v_arTumJHoLB0_seg2,0.31549179553985596,v_arTumJHoLB0_seg1,0.31544142961502075,v_arTumJHoLB0_seg0,0.3083712160587311,v_MAZlsi4Bon8_seg1,0.25436320900917053,v_vMYPNyBR3d0_seg0,0.2506398558616638
A man is seen bending over a bang in the middle of drummers.,v_bQ3yPbCICRg_seg0,v_bQ3yPbCICRg_seg0,0.3038087487220764,v_bQ3yPbCICRg_seg2,0.2882709205150604,v_bQ3yPbCICRg_seg1,0.28256475925445557,v_cKFARm4dsws_seg0,0.23618949949741364,v_ZNsX4KYJlVQ_seg1,0.2342478185892105
 The people hit the drums continuously while the camera pans around.,v_bQ3yPbCICRg_seg1,v_bQ3yPbCICRg_seg1,0.2877836227416992,v_bQ3yPbCICRg_seg2,0.2876129746437073,v_bQ3yPbCICRg_seg0,0.28226351737976074,v_yKdvz5dgro4_seg2,0.2765325903892517,v_yKdvz5dgro4_seg1,0.27637916803359985
 The men drum while the camera pans around them.,v_bQ3yPbCICRg_seg2,v_bQ3yPbCICRg_seg0,0.3225053548812866,v_bQ3yPbCICRg_seg1,0.32113808393478394,v_bQ3yPbCICRg_seg2,0.3143548369407654,v_yKdvz5dgro4_seg2,0.2914767861366272,v_yKdvz5dgro4_seg1,0.2849826216697693
A little boy is getting on the swinging closing his little safety guard.,v_cKFARm4dsws_seg0,v_cKFARm4dsws_seg2,0.32806557416915894,v_MAZlsi4Bon8_seg1,0.3212524652481079,v_cKFARm4dsws_seg1,0.3157007396221161,v_cKFARm4dsws_seg0,0.3072735071182251,v_MAZlsi4Bon8_seg2,0.30693501234054565
 He closes it and builds up some momentum to start going fast.,v_cKFARm4dsws_seg1,v_uwGcEaW3z3Q_seg0,0.2304297685623169,v_9uZoTZsTwv0_seg3,0.22793951630592346,v_uwGcEaW3z3Q_seg2,0.2261095941066742,v_uwGcEaW3z3Q_seg1,0.22406849265098572,v_jIYRVlrXJgc_seg2,0.22154425084590912
 He kicks his feet back and forth getting pretty high.,v_cKFARm4dsws_seg2,v_Ufki4AjZHFI_seg2,0.2811378240585327,v_9uZoTZsTwv0_seg3,0.27179187536239624,v_uwGcEaW3z3Q_seg2,0.26706793904304504,v_Ufki4AjZHFI_seg1,0.2658182978630066,v_Ufki4AjZHFI_seg0,0.26528555154800415
 He just enjoys his time swinging back and forth outside enjoying the day.,v_cKFARm4dsws_seg3,v_cKFARm4dsws_seg2,0.2793443202972412,v_UCndppz9rWc_seg1,0.27520689368247986,v_UCndppz9rWc_seg2,0.2728818356990814,v_cKFARm4dsws_seg3,0.2652696371078491,v_cKFARm4dsws_seg1,0.25986769795417786
A small child is seen looking up at the camera holding a coffee cup.,v_dvzwVrZkDiI_seg0,v_dvzwVrZkDiI_seg0,0.2873762249946594,v_dvzwVrZkDiI_seg2,0.2701471447944641,v_dvzwVrZkDiI_seg1,0.26438355445861816,v_MAZlsi4Bon8_seg1,0.1837988942861557,v_MAZlsi4Bon8_seg2,0.18047800660133362
 The girl takes a drink out of the cup and puts it back down.,v_dvzwVrZkDiI_seg1,v_dvzwVrZkDiI_seg0,0.2868008613586426,v_dvzwVrZkDiI_seg2,0.2816406786441803,v_dvzwVrZkDiI_seg1,0.27989500761032104,v_fGDVlbI90pw_seg0,0.23731723427772522,v_fGDVlbI90pw_seg1,0.22900152206420898
 She continues drinking out of the container and looks up to the camera.,v_dvzwVrZkDiI_seg2,v_dvzwVrZkDiI_seg0,0.3135397434234619,v_dvzwVrZkDiI_seg2,0.3067440390586853,v_dvzwVrZkDiI_seg1,0.30618396401405334,v_fGDVlbI90pw_seg2,0.25992459058761597,v_fGDVlbI90pw_seg0,0.2572995126247406
A young girl wearing a gray sweater with long red colored hair is brushing her hair.,v_fGDVlbI90pw_seg0,v_fGDVlbI90pw_seg2,0.3182312548160553,v_fGDVlbI90pw_seg1,0.31591495871543884,v_fGDVlbI90pw_seg0,0.3049588203430176,v_ztnt2EYuK3I_seg1,0.16728274524211884,v_dvzwVrZkDiI_seg2,0.16700148582458496
 She is using a silver paddle brush to remove the knots from her hair and de-tangle it as she brushes it through.,v_fGDVlbI90pw_seg1,v_fGDVlbI90pw_seg0,0.26505643129348755,v_fGDVlbI90pw_seg1,0.2506027817726135,v_fGDVlbI90pw_seg2,0.23669223487377167,v_dvzwVrZkDiI_seg2,0.18712377548217773,v_kTStFRAp99E_seg1,0.18088388442993164
 She suddenly begins to scream as she brushes her hair.,v_fGDVlbI90pw_seg2,v_fGDVlbI90pw_seg2,0.3027714490890503,v_fGDVlbI90pw_seg0,0.29652029275894165,v_fGDVlbI90pw_seg1,0.28803688287734985,v_kTStFRAp99E_seg1,0.23935173451900482,v_kTStFRAp99E_seg0,0.23639443516731262
Two players are playing a game of racket ball.,v_jIYRVlrXJgc_seg0,v_5BVcwR8hEo0_seg0,0.2843891978263855,v_4R5KDUqBPcU_seg0,0.26943522691726685,v_5BVcwR8hEo0_seg2,0.2666839361190796,v_5BVcwR8hEo0_seg1,0.266547292470932,v_4R5KDUqBPcU_seg2,0.2658975124359131
 One female takes a swing at the ball and hits it.,v_jIYRVlrXJgc_seg1,v_zqXJkZgKmSk_seg0,0.3111947774887085,v_zqXJkZgKmSk_seg1,0.30429357290267944,v_6KG4p_pfMQc_seg1,0.303769052028656,v_4R5KDUqBPcU_seg0,0.30110999941825867,v_jIYRVlrXJgc_seg2,0.2958261966705322
 The other female takes a swing at the ball and misses and hits herself instead.,v_jIYRVlrXJgc_seg2,v_jIYRVlrXJgc_seg2,0.32134026288986206,v_zqXJkZgKmSk_seg0,0.3081708252429962,v_zqXJkZgKmSk_seg1,0.30816444754600525,v_4R5KDUqBPcU_seg0,0.3072335720062256,v_6KG4p_pfMQc_seg1,0.3064577579498291
 She then sits down on the floor while the other person comes to turn the camera off.,v_jIYRVlrXJgc_seg3,v_kTStFRAp99E_seg0,0.29740598797798157,v_kTStFRAp99E_seg1,0.29448363184928894,v_kTStFRAp99E_seg2,0.28193560242652893,v_fGDVlbI90pw_seg2,0.27568429708480835,v_jIYRVlrXJgc_seg3,0.2701372802257538
We see two girls one sitting the other bending over.,v_kTStFRAp99E_seg0,v_kTStFRAp99E_seg0,0.3089783787727356,v_kTStFRAp99E_seg1,0.28897714614868164,v_kTStFRAp99E_seg2,0.263985276222229,v_Ufki4AjZHFI_seg3,0.24311959743499756,v_cKFARm4dsws_seg0,0.23921561241149902
 The bending girl stands up.,v_kTStFRAp99E_seg1,v_GZsplhHXQy0_seg3,0.2558317184448242,v_jIYRVlrXJgc_seg2,0.25574952363967896,v_sVk-Br0zfkA_seg2,0.25499609112739563,v_GZsplhHXQy0_seg2,0.2517789602279663,v_fGDVlbI90pw_seg2,0.24944736063480377
 We see a person painting the sitting girls toe nails.,v_kTStFRAp99E_seg2,v_kTStFRAp99E_seg2,0.2572445571422577,v_kTStFRAp99E_seg1,0.2467309534549713,v_kTStFRAp99E_seg0,0.24495741724967957,v_cKFARm4dsws_seg0,0.24025213718414307,v_28GYivx4lyk_seg2,0.22640123963356018
A close up of a woman is seen looking off into the distance and holding a dart.,v_sVk-Br0zfkA_seg0,v_sVk-Br0zfkA_seg2,0.24862566590309143,v_sVk-Br0zfkA_seg0,0.24455688893795013,v_sVk-Br0zfkA_seg1,0.23776927590370178,v_PPXrVuZAb74_seg0,0.19095689058303833,v_arTumJHoLB0_seg2,0.17502135038375854
 She throws the dart onto the board which is show up close.,v_sVk-Br0zfkA_seg1,v_sVk-Br0zfkA_seg1,0.3324475884437561,v_sVk-Br0zfkA_seg0,0.3154548406600952,v_sVk-Br0zfkA_seg2,0.29018449783325195,v_ZNsX4KYJlVQ_seg3,0.28974083065986633,v_jIYRVlrXJgc_seg2,0.2663894295692444
 The woman then clenches her fists and her throw is shown again.,v_sVk-Br0zfkA_seg2,v_MAZlsi4Bon8_seg0,0.2900351881980896,v_fGDVlbI90pw_seg2,0.28557002544403076,v_fGDVlbI90pw_seg1,0.2815779447555542,v_fGDVlbI90pw_seg0,0.2760193347930908,v_sVk-Br0zfkA_seg0,0.2741331458091736
A man is trying to lift weights in a gym.,v_uwGcEaW3z3Q_seg0,v_uwGcEaW3z3Q_seg0,0.28533416986465454,v_uwGcEaW3z3Q_seg1,0.2597076892852783,v_uwGcEaW3z3Q_seg2,0.24936862289905548,v_vbWdGj1sfO8_seg1,0.1890629529953003,v_OJJMEEsOdPQ_seg1,0.18285155296325684
 He lifts the barbell up to his chest.,v_uwGcEaW3z3Q_seg1,v_uwGcEaW3z3Q_seg0,0.31945061683654785,v_uwGcEaW3z3Q_seg1,0.3058440089225769,v_uwGcEaW3z3Q_seg2,0.2981778383255005,v_arTumJHoLB0_seg2,0.2412007451057434,v_vbWdGj1sfO8_seg1,0.22729873657226562
 He then lifts it over his head before dropping it to the ground.,v_uwGcEaW3z3Q_seg2,v_vbWdGj1sfO8_seg1,0.27380359172821045,v_uwGcEaW3z3Q_seg2,0.27297189831733704,v_arTumJHoLB0_seg2,0.272050678730011,v_MAZlsi4Bon8_seg0,0.2698388397693634,v_uwGcEaW3z3Q_seg0,0.2644346356391907
We see three men on a boat in a lake.,v_vMYPNyBR3d0_seg0,v_vMYPNyBR3d0_seg1,0.3128358721733093,v_vMYPNyBR3d0_seg0,0.3057701587677002,v_vMYPNyBR3d0_seg2,0.30274805426597595,v_arTumJHoLB0_seg0,0.21349415183067322,v_arTumJHoLB0_seg2,0.17171508073806763
 The left man holds his nears near his chest.,v_vMYPNyBR3d0_seg1,v_arTumJHoLB0_seg2,0.24730947613716125,v_arTumJHoLB0_seg0,0.22779369354248047,v_arTumJHoLB0_seg1,0.22511866688728333,v_H2-rEH9TXR4_seg0,0.21687285602092743,v_H2-rEH9TXR4_seg1,0.2138330191373825
 A man acts weird and sprays himself.,v_vMYPNyBR3d0_seg2,v_arTumJHoLB0_seg2,0.30139219760894775,v_arTumJHoLB0_seg1,0.28116732835769653,v_arTumJHoLB0_seg0,0.27473118901252747,v_ZNsX4KYJlVQ_seg0,0.263607382774353,v_jIYRVlrXJgc_seg3,0.2623397707939148
A female is laying on her back exercising inside of a gym.,v_vbWdGj1sfO8_seg0,v_vbWdGj1sfO8_seg3,0.3111739754676819,v_vbWdGj1sfO8_seg2,0.3086566925048828,v_vbWdGj1sfO8_seg0,0.30678319931030273,v_vbWdGj1sfO8_seg1,0.30669116973876953,v_OJJMEEsOdPQ_seg1,0.21429753303527832
 She is wearing black and pink and just looks very comfortable while she works out.,v_vbWdGj1sfO8_seg1,v_vbWdGj1sfO8_seg2,0.28371506929397583,v_vbWdGj1sfO8_seg3,0.2799606919288635,v_vbWdGj1sfO8_seg1,0.27076271176338196,v_vbWdGj1sfO8_seg0,0.26534736156463623,v_fGDVlbI90pw_seg1,0.24049760401248932
 She brings her arms up and her legs up to the center of her body.,v_vbWdGj1sfO8_seg2,v_vbWdGj1sfO8_seg2,0.30404800176620483,v_vbWdGj1sfO8_seg3,0.30317890644073486,v_vbWdGj1sfO8_seg1,0.29840022325515747,v_vbWdGj1sfO8_seg0,0.2885841131210327,v_fGDVlbI90pw_seg2,0.23205575346946716
 She does that repeatedly for a little while.,v_vbWdGj1sfO8_seg3,v_fGDVlbI90pw_seg1,0.2692076563835144,v_fGDVlbI90pw_seg0,0.2691876292228699,v_fGDVlbI90pw_seg2,0.2650643587112427,v_kTStFRAp99E_seg0,0.2648693919181824,v_kTStFRAp99E_seg1,0.2607818841934204
A young man dry a pot lid while dancing.,v_yKdvz5dgro4_seg0,v_KVmuW9kwZV4_seg2,0.29328635334968567,v_yKdvz5dgro4_seg1,0.2856702208518982,v_yKdvz5dgro4_seg0,0.28518009185791016,v_yKdvz5dgro4_seg2,0.2851671576499939,v_KVmuW9kwZV4_seg1,0.28017544746398926
" Also, a teen wash a cup of steel and dancing.",v_yKdvz5dgro4_seg1,v_yKdvz5dgro4_seg1,0.27764737606048584,v_yKdvz5dgro4_seg0,0.2746075391769409,v_yKdvz5dgro4_seg2,0.2743975520133972,v_KVmuW9kwZV4_seg0,0.25610536336898804,v_ZNsX4KYJlVQ_seg0,0.2548244893550873
 A woman enters and then leave the kitchen.,v_yKdvz5dgro4_seg2,v_jIYRVlrXJgc_seg2,0.20708632469177246,v_yKdvz5dgro4_seg1,0.1977386772632599,v_ztnt2EYuK3I_seg0,0.19762548804283142,v_yKdvz5dgro4_seg0,0.19471706449985504,v_ztnt2EYuK3I_seg2,0.19385549426078796
A ball flies through he air on a baseball field.,v_zqXJkZgKmSk_seg0,v_zqXJkZgKmSk_seg0,0.2716042995452881,v_zqXJkZgKmSk_seg1,0.2692444622516632,v_GZsplhHXQy0_seg0,0.26542940735816956,v_GZsplhHXQy0_seg2,0.26288509368896484,v_4R5KDUqBPcU_seg0,0.2613198459148407
 The person with the camera takes off running.,v_zqXJkZgKmSk_seg1,v_jIYRVlrXJgc_seg2,0.2798812985420227,v_jIYRVlrXJgc_seg3,0.27205097675323486,v_jIYRVlrXJgc_seg0,0.27003300189971924,v_Ufki4AjZHFI_seg1,0.2686130404472351,v_Ufki4AjZHFI_seg3,0.25526943802833557
 The runner stops on the home base and turns around.,v_zqXJkZgKmSk_seg2,v_zqXJkZgKmSk_seg3,0.2928910255432129,v_zqXJkZgKmSk_seg2,0.29184937477111816,v_zqXJkZgKmSk_seg1,0.2893667221069336,v_GZsplhHXQy0_seg2,0.2882986068725586,v_GZsplhHXQy0_seg3,0.28342580795288086
 We see the people at the back of the field.,v_zqXJkZgKmSk_seg3,v_bQ3yPbCICRg_seg0,0.24642901122570038,v_zqXJkZgKmSk_seg3,0.2249542474746704,v_4R5KDUqBPcU_seg2,0.22191360592842102,v_bQ3yPbCICRg_seg1,0.2211831659078598,v_zqXJkZgKmSk_seg1,0.21570982038974762
A person in a black coat is scraping ice off of a window.,v_ztnt2EYuK3I_seg0,v_ztnt2EYuK3I_seg0,0.24885892868041992,v_ztnt2EYuK3I_seg1,0.22837191820144653,v_ztnt2EYuK3I_seg2,0.2146955132484436,v_KVmuW9kwZV4_seg2,0.1722584366798401,v_KVmuW9kwZV4_seg1,0.1668636053800583
 A kid in a yellow coat is smiling at the camera.,v_ztnt2EYuK3I_seg1,v_ztnt2EYuK3I_seg1,0.23247772455215454,v_ztnt2EYuK3I_seg2,0.22322791814804077,v_ztnt2EYuK3I_seg0,0.22157277166843414,v_cKFARm4dsws_seg0,0.19272640347480774,v_MAZlsi4Bon8_seg1,0.16959556937217712
 A boy in a green jacket is scraping the ice off of another car.,v_ztnt2EYuK3I_seg2,v_ztnt2EYuK3I_seg0,0.33527231216430664,v_ztnt2EYuK3I_seg1,0.32825157046318054,v_ztnt2EYuK3I_seg2,0.3120877742767334,v_cKFARm4dsws_seg0,0.28555285930633545,v_2ErgL7-MXHw_seg0,0.2052278071641922
